Nombre;Valoración
Agents of S.H.I.E.L.D.;9.6
Young Justice;9.6
The Flash;9.6
The Punisher;9.5
Agents of S.H.I.E.L.D.;9.5
Agents of S.H.I.E.L.D.;9.5
The Sandman;9.5
Smallville;9.5
Young Justice;9.5
Lucifer;9.5
Watchmen;9.5
The New Batman Adventures;9.4
Teen Titans;9.4
Smallville;9.4
Young Justice;9.4
Agents of S.H.I.E.L.D.;9.3
The Punisher;9.3
Agents of S.H.I.E.L.D.;9.3
Batman: The Animated Series;9.3
The New Batman Adventures;9.3
Justice League Unlimited;9.3
Smallville;9.3
Justice League Unlimited;9.3
Smallville;9.3
Young Justice;9.3
Young Justice;9.3
Young Justice;9.3
Young Justice;9.3
The Punisher;9.2
The Punisher;9.2
Agents of S.H.I.E.L.D.;9.2
Agents of S.H.I.E.L.D.;9.2
Agents of S.H.I.E.L.D.;9.2
Agents of S.H.I.E.L.D.;9.2
Agents of S.H.I.E.L.D.;9.2
Batman: Arkham Asylum;9.2
Batman: The Animated Series;9.2
Duck Dodgers;9.2
Justice League Unlimited;9.2
Justice League;9.2
Smallville;9.2
Smallville;9.2
Smallville;9.2
Young Justice;9.2
Young Justice;9.2
Young Justice;9.2
Lucifer;9.2
Lucifer;9.2
Gotham;9.2
Lucifer;9.2
Watchmen;9.2
WandaVision;9.1
Agents of S.H.I.E.L.D.;9.1
Agents of S.H.I.E.L.D.;9.1
Agents of S.H.I.E.L.D.;9.1
Agents of S.H.I.E.L.D.;9.1
Agents of S.H.I.E.L.D.;9.1
Agents of S.H.I.E.L.D.;9.1
Smallville Season 3 Promo;9.1
Batman: The Animated Series;9.1
Batman: The Animated Series;9.1
Batman: The Animated Series;9.1
Smallville;9.1
Smallville;9.1
Smallville;9.1
Smallville;9.1
Superman: The Animated Series;9.1
Smallville;9.1
Smallville;9.1
Young Justice;9.1
Young Justice;9.1
Young Justice;9.1
Gotham;9.1
The Flash;9.1
Gotham;9.1
Gotham;9.1
Gotham;9.1
Lucifer;9.1
Lucifer;9.1
Gotham;9.1
Gotham;9.1
Lucifer;9.1
Lucifer;9.1
Young Justice;9.1
Young Justice;9.1
The Flash;9.1
The Flash;9.1
Doom Patrol;9.1
WandaVision;9
Agents of S.H.I.E.L.D.;9
Agents of S.H.I.E.L.D.;9
Agents of S.H.I.E.L.D.;9
The Punisher;9
Agents of S.H.I.E.L.D.;9
Agents of S.H.I.E.L.D.;9
Agents of S.H.I.E.L.D.;9
The Dark Knight;9
Batman: The Animated Series;9
Body and Soul;9
Batman: The Animated Series;9
Batman: The Animated Series;9
Justice League;9
Justice League Unlimited;9
Justice League Unlimited;9
Smallville;9
Smallville;9
Smallville;9
Smallville;9
The Batman;9
Smallville;9
Krypto the Superdog;9
Smallville;9
Young Justice;9
Young Justice;9
Young Justice;9
Young Justice;9
Gotham;9
Gotham;9
Gotham;9
Gotham;9
Young Justice;9
Young Justice;9
Arrow;9
Gotham;9
Watchmen;9
Watchmen;9
WandaVision;8.9
WandaVision;8.9
Agents of S.H.I.E.L.D.;8.9
Agents of S.H.I.E.L.D.;8.9
Agents of S.H.I.E.L.D.;8.9
The New Batman Adventures;8.9
Justice League;8.9
Justice League Unlimited;8.9
Justice League;8.9
Smallville;8.9
Smallville;8.9
Smallville;8.9
Smallville;8.9
Lucifer;8.9
Lucifer;8.9
Lucifer;8.9
Young Justice;8.9
Young Justice;8.9
Young Justice;8.9
Gotham;8.9
Gotham;8.9
DC's Legends of Tomorrow;8.9
Doom Patrol;8.9
Agents of S.H.I.E.L.D.;8.8
The Punisher;8.8
Agents of S.H.I.E.L.D.;8.8
The Falcon and the Winter Soldier;8.8
Agents of S.H.I.E.L.D.;8.8
Batman: The Animated Series;8.8
Batman: The Animated Series;8.8
Justice League;8.8
Justice League;8.8
Justice League;8.8
Smallville;8.8
Smallville;8.8
Smallville;8.8
Smallville;8.8
Smallville;8.8
Smallville;8.8
Smallville;8.8
Young Justice;8.8
Young Justice;8.8
Young Justice;8.8
Young Justice;8.8
Young Justice;8.8
Lucifer;8.8
Lucifer;8.8
Gotham;8.8
Lucifer;8.8
Lucifer;8.8
Young Justice;8.8
Young Justice;8.8
Young Justice;8.8
Young Justice;8.8
Young Justice;8.8
Young Justice;8.8
Young Justice;8.8
Young Justice;8.8
Supergirl;8.8
Gotham;8.8
Gotham;8.8
Doom Patrol;8.8
Doom Patrol;8.8
Watchmen;8.8
WWE 24;8.7
Agents of S.H.I.E.L.D.;8.7
Agents of S.H.I.E.L.D.;8.7
The Punisher;8.7
The Punisher;8.7
Agents of S.H.I.E.L.D.;8.7
Agents of S.H.I.E.L.D.;8.7
Agents of S.H.I.E.L.D.;8.7
Agents of S.H.I.E.L.D.;8.7
Agents of S.H.I.E.L.D.;8.7
Justice League Unlimited;8.7
DC Fandome;8.7
Batman Beyond;8.7
Batman: The Animated Series;8.7
Batman: The Animated Series;8.7
Batman: The Animated Series;8.7
Batman: The Animated Series;8.7
Batman: The Animated Series;8.7
The New Batman Adventures;8.7
Justice League;8.7
Justice League Unlimited;8.7
Justice League;8.7
Smallville;8.7
Smallville;8.7
Smallville;8.7
Smallville;8.7
Smallville;8.7
Smallville;8.7
Smallville;8.7
Teen Titans;8.7
Teen Titans;8.7
Justice League Unlimited;8.7
The Batman;8.7
Smallville;8.7
Smallville;8.7
Krypto the Superdog;8.7
Young Justice;8.7
Young Justice;8.7
Young Justice;8.7
Young Justice;8.7
Gotham;8.7
Lucifer;8.7
Lucifer;8.7
Supergirl;8.7
Lucifer;8.7
Young Justice;8.7
Young Justice;8.7
Gotham;8.7
Arrow;8.7
Agents of S.H.I.E.L.D.;8.6
Agents of S.H.I.E.L.D.;8.6
Agents of S.H.I.E.L.D.;8.6
The Punisher;8.6
Agents of S.H.I.E.L.D.;8.6
Agents of S.H.I.E.L.D.;8.6
Agents of S.H.I.E.L.D.;8.6
Agents of S.H.I.E.L.D.;8.6
Agents of S.H.I.E.L.D.;8.6
Agents of S.H.I.E.L.D.;8.6
Young Justice;8.6
Batman Beyond;8.6
Batman Beyond;8.6
Batman: The Animated Series;8.6
Batman: The Animated Series;8.6
Batman: The Animated Series;8.6
Batman: The Animated Series;8.6
Batman: The Animated Series;8.6
Justice League Unlimited;8.6
Justice League Unlimited;8.6
Justice League;8.6
Justice League;8.6
Justice League Unlimited;8.6
Justice League Unlimited;8.6
Smallville;8.6
Smallville;8.6
Smallville;8.6
Smallville;8.6
Smallville;8.6
Smallville;8.6
Smallville;8.6
Smallville;8.6
Smallville;8.6
Smallville;8.6
Smallville;8.6
Smallville;8.6
Smallville;8.6
Smallville;8.6
Krypto the Superdog;8.6
Krypto the Superdog;8.6
Krypto the Superdog;8.6
Smallville;8.6
Krypto the Superdog;8.6
Krypto the Superdog;8.6
Krypto the Superdog;8.6
Krypto the Superdog;8.6
Krypto the Superdog;8.6
Smallville;8.6
Smallville;8.6
Smallville;8.6
Smallville;8.6
Smallville;8.6
Young Justice;8.6
Young Justice;8.6
Young Justice;8.6
Young Justice;8.6
Arrow;8.6
Young Justice;8.6
Young Justice;8.6
Constantine;8.6
Constantine;8.6
Gotham;8.6
Gotham;8.6
Gotham;8.6
Supergirl;8.6
Gotham;8.6
Gotham;8.6
Lucifer;8.6
Lucifer;8.6
Lucifer;8.6
Gotham;8.6
Gotham;8.6
DC's Legends of Tomorrow;8.6
Gotham;8.6
Doom Patrol;8.6
Doom Patrol;8.6
Doom Patrol;8.6
Doom Patrol;8.6
Supergirl;8.6
WandaVision;8.5
Marvel Studios: Assembled;8.5
Agents of S.H.I.E.L.D.;8.5
The Punisher;8.5
Agents of S.H.I.E.L.D.;8.5
Agents of S.H.I.E.L.D.;8.5
Agents of S.H.I.E.L.D.;8.5
Agents of S.H.I.E.L.D.;8.5
Agents of S.H.I.E.L.D.;8.5
Agents of S.H.I.E.L.D.;8.5
Agents of S.H.I.E.L.D.;8.5
Justice League;8.5
The New Batman Adventures;8.5
Batman Beyond;8.5
Batman Beyond;8.5
Batman: The Animated Series;8.5
Batman: The Animated Series;8.5
Batman: The Animated Series;8.5
The New Batman Adventures;8.5
The New Batman Adventures;8.5
Justice League;8.5
Justice League Unlimited;8.5
Justice League;8.5
Justice League Unlimited;8.5
Smallville;8.5
The Batman;8.5
The Batman;8.5
Smallville;8.5
Smallville;8.5
Smallville;8.5
Smallville;8.5
Smallville;8.5
Smallville;8.5
Smallville;8.5
Smallville;8.5
Human Target;8.5
Human Target;8.5
Young Justice;8.5
Human Target;8.5
Young Justice;8.5
Arrow;8.5
Young Justice;8.5
Young Justice;8.5
Constantine;8.5
Gotham;8.5
Gotham;8.5
Gotham;8.5
Gotham;8.5
Lucifer;8.5
Lucifer;8.5
Gotham;8.5
Lucifer;8.5
Gotham;8.5
Young Justice;8.5
Gotham;8.5
Supergirl;8.5
Gotham;8.5
Gotham;8.5
Gotham;8.5
Doom Patrol;8.5
Watchmen;8.5
DC's Legends of Tomorrow;8.5
Avengers: Endgame;8.4
Avengers: Infinity War;8.4
WandaVision;8.4
Luke Cage;8.4
Luke Cage;8.4
Agents of S.H.I.E.L.D.;8.4
Agents of S.H.I.E.L.D.;8.4
The Punisher;8.4
Agents of S.H.I.E.L.D.;8.4
Agents of S.H.I.E.L.D.;8.4
Agents of S.H.I.E.L.D.;8.4
Agents of S.H.I.E.L.D.;8.4
Agents of S.H.I.E.L.D.;8.4
Agents of S.H.I.E.L.D.;8.4
Agents of S.H.I.E.L.D.;8.4
Agents of S.H.I.E.L.D.;8.4
Agents of S.H.I.E.L.D.;8.4
Agents of S.H.I.E.L.D.;8.4
Joker;8.4
The Dark Knight Rises;8.4
Batman Beyond;8.4
Batman Beyond;8.4
Batman Beyond;8.4
Batman: The Animated Series;8.4
Batman: The Animated Series;8.4
Batman: The Animated Series;8.4
Batman: The Animated Series;8.4
Batman: The Animated Series;8.4
Batman: The Animated Series;8.4
The Batman;8.4
Justice League Unlimited;8.4
Justice League;8.4
Justice League;8.4
Justice League Unlimited;8.4
Justice League;8.4
Justice League;8.4
Justice League;8.4
Smallville;8.4
Smallville;8.4
Smallville;8.4
Teen Titans;8.4
Teen Titans;8.4
Krypto the Superdog;8.4
Smallville;8.4
The Batman;8.4
Krypto the Superdog;8.4
Krypto the Superdog;8.4
Krypto the Superdog;8.4
Smallville;8.4
Batman: Black and White;8.4
Batman: Black and White;8.4
Smallville;8.4
Human Target;8.4
Smallville;8.4
Smallville;8.4
Smallville;8.4
Smallville;8.4
Smallville;8.4
Young Justice;8.4
Young Justice;8.4
Young Justice;8.4
Arrow;8.4
Young Justice;8.4
Gotham;8.4
Gotham;8.4
Gotham;8.4
Gotham;8.4
Gotham;8.4
Lucifer;8.4
Young Justice;8.4
Young Justice;8.4
Doom Patrol;8.4
Luke Cage;8.3
Luke Cage;8.3
Agents of S.H.I.E.L.D.;8.3
Agents of S.H.I.E.L.D.;8.3
The Punisher;8.3
The Punisher;8.3
Agents of S.H.I.E.L.D.;8.3
Agents of S.H.I.E.L.D.;8.3
Agents of S.H.I.E.L.D.;8.3
Agents of S.H.I.E.L.D.;8.3
Agents of S.H.I.E.L.D.;8.3
Batman Beyond;8.3
Batman Beyond;8.3
Batman Beyond;8.3
Batman: The Animated Series;8.3
Batman: The Animated Series;8.3
Batman: The Animated Series;8.3
Batman: The Animated Series;8.3
Batman: The Animated Series;8.3
Batman: The Animated Series;8.3
The New Batman Adventures;8.3
Justice League;8.3
Justice League Unlimited;8.3
Smallville;8.3
Smallville;8.3
Smallville;8.3
Smallville;8.3
Smallville;8.3
Smallville;8.3
Teen Titans;8.3
Smallville;8.3
Smallville;8.3
Smallville;8.3
Smallville;8.3
Young Justice;8.3
Young Justice;8.3
Arrow;8.3
The Flash;8.3
Gotham;8.3
Constantine;8.3
Arrow;8.3
The Flash;8.3
Gotham;8.3
Gotham;8.3
Lucifer;8.3
Gotham;8.3
Gotham;8.3
Supergirl;8.3
Lucifer;8.3
Young Justice;8.3
Gotham;8.3
Gotham;8.3
Arrow;8.3
Gotham;8.3
Gotham;8.3
Gotham;8.3
Gotham;8.3
Gotham;8.3
Doom Patrol;8.3
Doom Patrol;8.3
Supergirl;8.3
Supergirl;8.3
WandaVision;8.2
Luke Cage;8.2
Agents of S.H.I.E.L.D.;8.2
Agents of S.H.I.E.L.D.;8.2
Agents of S.H.I.E.L.D.;8.2
Agents of S.H.I.E.L.D.;8.2
Agents of S.H.I.E.L.D.;8.2
Agents of S.H.I.E.L.D.;8.2
Agents of S.H.I.E.L.D.;8.2
Agents of S.H.I.E.L.D.;8.2
Watchmen;8.2
Batman Begins;8.2
Batman Begins;8.2
Batman Beyond;8.2
Batman Beyond;8.2
Batman Beyond;8.2
Batman Beyond;8.2
Batman Beyond;8.2
Batman: The Animated Series;8.2
Batman: The Animated Series;8.2
The Batman;8.2
The Batman;8.2
The New Batman Adventures;8.2
The New Batman Adventures;8.2
Justice League;8.2
Justice League;8.2
Justice League;8.2
Justice League Unlimited;8.2
Smallville;8.2
Smallville;8.2
Smallville;8.2
Smallville;8.2
Smallville;8.2
Smallville;8.2
Smallville;8.2
Smallville;8.2
Smallville;8.2
Smallville;8.2
Smallville;8.2
Smallville;8.2
Smallville;8.2
Smallville;8.2
The Batman;8.2
Smallville;8.2
Krypto the Superdog;8.2
Krypto the Superdog;8.2
Smallville;8.2
Human Target;8.2
Smallville;8.2
Smallville;8.2
Smallville;8.2
Young Justice;8.2
Young Justice;8.2
Arrow;8.2
Young Justice;8.2
Arrow;8.2
Constantine;8.2
Constantine;8.2
Constantine;8.2
Constantine;8.2
Constantine;8.2
Gotham;8.2
Gotham;8.2
Gotham;8.2
Gotham;8.2
Gotham;8.2
Lucifer;8.2
Lucifer;8.2
Gotham;8.2
Gotham;8.2
Lucifer;8.2
Lucifer;8.2
Gotham;8.2
Young Justice;8.2
Gotham;8.2
Gotham;8.2
Gotham;8.2
Supergirl;8.2
Constantine: City of Demons;8.2
DC's Legends of Tomorrow;8.2
Gotham;8.2
Gotham;8.2
WandaVision;8.1
Guardians of the Galaxy: Inferno;8.1
Team Thor;8.1
Marvel Studios: Assembled;8.1
Luke Cage;8.1
Agents of S.H.I.E.L.D.;8.1
Agents of S.H.I.E.L.D.;8.1
Agents of S.H.I.E.L.D.;8.1
Agents of S.H.I.E.L.D.;8.1
Agents of S.H.I.E.L.D.;8.1
Agents of S.H.I.E.L.D.;8.1
Agents of S.H.I.E.L.D.;8.1
Agents of S.H.I.E.L.D.;8.1
Catch Me If You Can;8.1
V for Vendetta;8.1
Batman Beyond;8.1
Justice League: The Flashpoint Paradox;8.1
Superman: The Animated Series;8.1
Batman: The Telltale Series;8.1
The Fire Rises: The Creation and Impact of the Dark Knight Trilogy;8.1
Justice League: Alien Invasion;8.1
Batman Beyond;8.1
Batman Beyond;8.1
Batman Beyond;8.1
Batman: The Animated Series;8.1
Batman: The Animated Series;8.1
Batman: The Animated Series;8.1
Batman: The Animated Series;8.1
Batman: The Animated Series;8.1
Batman: The Animated Series;8.1
Batman: The Animated Series;8.1
Batman: The Animated Series;8.1
Justice League;8.1
Justice League;8.1
Justice League Unlimited;8.1
Justice League;8.1
Justice League;8.1
Smallville;8.1
Smallville;8.1
Smallville;8.1
Smallville;8.1
Smallville;8.1
Smallville;8.1
Smallville;8.1
Smallville;8.1
Smallville;8.1
Smallville;8.1
Smallville;8.1
Teen Titans;8.1
The Batman;8.1
The Batman;8.1
The Batman;8.1
The Batman;8.1
Smallville;8.1
Smallville;8.1
Smallville;8.1
Smallville;8.1
Smallville;8.1
Human Target;8.1
Smallville;8.1
Smallville;8.1
Smallville;8.1
Beware the Batman;8.1
The Flash;8.1
Gotham;8.1
Gotham;8.1
Gotham;8.1
Gotham;8.1
Constantine;8.1
Gotham;8.1
Lucifer;8.1
Supergirl;8.1
Gotham;8.1
Gotham;8.1
Gotham;8.1
Gotham;8.1
Supergirl;8.1
Lucifer;8.1
Young Justice;8.1
Gotham;8.1
The Flash;8.1
DC's Legends of Tomorrow;8.1
Gotham;8.1
Doom Patrol;8.1
Supergirl;8.1
Supergirl;8.1
Guardians of the Galaxy;8
The Avengers;8
Marvel Studios: Assembled;8
Jessica Jones;8
Luke Cage;8
Luke Cage;8
Agents of S.H.I.E.L.D.;8
The Falcon and the Winter Soldier;8
The Falcon and the Winter Soldier;8
Agents of S.H.I.E.L.D.;8
Agents of S.H.I.E.L.D.;8
The Iron Giant;8
Batman Beyond;8
Batman Beyond;8
Batman Beyond;8
Batman Beyond;8
Batman Beyond;8
Batman Beyond;8
Batman: The Animated Series;8
Batman: The Animated Series;8
Batman: The Animated Series;8
The Batman;8
The New Batman Adventures;8
Justice League;8
Justice League Unlimited;8
Justice League Unlimited;8
Justice League;8
Justice League Unlimited;8
Smallville;8
Smallville;8
Smallville;8
The Zeta Project;8
The Zeta Project;8
The Batman;8
Smallville;8
The Batman;8
Smallville;8
Smallville;8
Krypto the Superdog;8
Krypto the Superdog;8
Krypto the Superdog;8
Smallville;8
Smallville;8
Batman: Black and White;8
Smallville;8
Batman: Black and White;8
Batman: Black and White;8
Batman: Black and White;8
Smallville;8
Human Target;8
Human Target;8
Smallville;8
Human Target;8
Smallville;8
Gotham;8
Gotham;8
Gotham;8
Gotham;8
Supergirl;8
Gotham;8
Gotham;8
Gotham;8
Gotham;8
Gotham;8
Supergirl;8
Powerless;8
Young Justice;8
Young Justice;8
Young Justice;8
Gotham;8
Watchmen;8
Gotham;8
Constantine: City of Demons;8
The Flash;8
DC's Legends of Tomorrow;8
Watchmen;8
Thor: Ragnarok;7.9
Iron Man;7.9
Luke Cage;7.9
Luke Cage;7.9
Agents of S.H.I.E.L.D.;7.9
The Falcon and the Winter Soldier;7.9
The Falcon and the Winter Soldier;7.9
Doom Patrol;7.9
Teen Titans;7.9
Lego Batman: The Videogame;7.9
You Will Believe: The Cinematic Saga of Superman;7.9
Legends of the Dark Knight: The History of Batman;7.9
The Magic Behind the Cape;7.9
Superman II: Restoring the Vision;7.9
Batman Beyond;7.9
Batman Beyond;7.9
Batman Beyond;7.9
Batman Beyond;7.9
Batman Beyond;7.9
Batman Beyond;7.9
Batman Beyond;7.9
Batman: The Animated Series;7.9
Batman: The Animated Series;7.9
Batman: The Animated Series;7.9
Batman: The Animated Series;7.9
Batman: The Animated Series;7.9
Batman: The Animated Series;7.9
Batman: The Animated Series;7.9
The Batman;7.9
The Batman;7.9
The Batman;7.9
The Batman;7.9
The New Batman Adventures;7.9
Justice League Unlimited;7.9
Justice League Unlimited;7.9
Justice League;7.9
Justice League;7.9
Smallville;7.9
Smallville;7.9
Smallville;7.9
Smallville;7.9
Smallville;7.9
Smallville;7.9
The Zeta Project;7.9
Justice League Unlimited;7.9
Justice League Unlimited;7.9
The Batman;7.9
Human Target;7.9
Human Target;7.9
Smallville;7.9
Human Target;7.9
Young Justice;7.9
Arrow;7.9
Constantine;7.9
Gotham;7.9
Gotham;7.9
Supergirl;7.9
Supergirl;7.9
Supergirl;7.9
Gotham;7.9
Gotham;7.9
Gotham;7.9
Supergirl;7.9
Constantine: City of Demons;7.9
The Flash;7.9
DC's Legends of Tomorrow;7.9
DC's Legends of Tomorrow;7.9
DC's Legends of Tomorrow;7.9
Gotham;7.9
Watchmen;7.9
Captain America: Civil War;7.8
The Oscars;7.8
WandaVision;7.8
Luke Cage;7.8
Luke Cage;7.8
The Falcon and the Winter Soldier;7.8
Gotham;7.8
Batman Beyond: Return of the Joker;7.8
Batman Beyond: The Movie;7.8
Revolutionizing a Classic: From Comic Book to Television - The Evolution of Wonder Woman from Page to Screen;7.8
Aquaman: War of the Water Worlds;7.8
Batman Beyond;7.8
Batman Beyond;7.8
Batman Beyond;7.8
Batman Beyond;7.8
Batman Beyond;7.8
Batman: The Animated Series;7.8
Batman: The Animated Series;7.8
Batman: The Animated Series;7.8
Batman: The Animated Series;7.8
Batman: The Animated Series;7.8
Batman: The Animated Series;7.8
Batman: The Animated Series;7.8
Batman: The Animated Series;7.8
Batman: The Animated Series;7.8
Batman: The Animated Series;7.8
The Batman;7.8
The New Batman Adventures;7.8
Justice League Unlimited;7.8
Justice League;7.8
Justice League Unlimited;7.8
Justice League Unlimited;7.8
Smallville;7.8
Smallville;7.8
Smallville;7.8
Smallville;7.8
Smallville;7.8
Smallville;7.8
Smallville;7.8
Teen Titans;7.8
The Zeta Project;7.8
The Zeta Project;7.8
Smallville;7.8
Justice League Unlimited;7.8
The Batman;7.8
Smallville;7.8
Batman: Black and White;7.8
Batman: Black and White;7.8
Smallville;7.8
Gotham;7.8
Gotham;7.8
Constantine;7.8
Gotham;7.8
Justice League: Gods and Monsters Chronicles;7.8
Supergirl;7.8
Supergirl;7.8
Supergirl;7.8
Powerless;7.8
Powerless;7.8
The Flash;7.8
Constantine: City of Demons;7.8
The Flash;7.8
Krypton;7.8
Krypton;7.8
Captain America: The Winter Soldier;7.7
Spider-Man Venom Saga;7.7
X-Men: Evolution;7.7
Marvel Studios: Legends;7.7
Marvel Studios: Legends;7.7
Luke Cage;7.7
Agents of S.H.I.E.L.D.;7.7
Clerks;7.7
Adventures of Superman;7.7
Too Funny to Fail: The Life & Death of The Dana Carvey Show;7.7
Justice League: Gods and Monsters Chronicles;7.7
Challenge of the Superfriends;7.7
Green Arrow;7.7
Batman: The Journey Begins;7.7
From Rivals to Romance: The Making of Lois and Clark;7.7
Wonder Woman: The Ultimate Feminist Icon;7.7
Batman Beyond;7.7
Batman: The Animated Series;7.7
Batman: The Animated Series;7.7
Batman: The Animated Series;7.7
Batman: The Animated Series;7.7
Batman: The Animated Series;7.7
Batman: The Animated Series;7.7
Batman: The Animated Series;7.7
Batman: The Animated Series;7.7
The Batman;7.7
The Batman;7.7
The Batman;7.7
The Batman;7.7
The New Batman Adventures;7.7
Justice League;7.7
Justice League;7.7
Justice League;7.7
Justice League;7.7
Justice League Unlimited;7.7
Smallville;7.7
Smallville;7.7
Smallville;7.7
The Zeta Project;7.7
The Zeta Project;7.7
The Zeta Project;7.7
The Zeta Project;7.7
Smallville;7.7
Smallville;7.7
Batman: Black and White;7.7
Human Target;7.7
Human Target;7.7
Gotham;7.7
Supergirl;7.7
Supergirl;7.7
Supergirl;7.7
Supergirl;7.7
Supergirl;7.7
Supergirl;7.7
Supergirl;7.7
Supergirl;7.7
Supergirl;7.7
Constantine: City of Demons;7.7
The Flash;7.7
DC's Legends of Tomorrow;7.7
Gotham;7.7
Guardians of the Galaxy Vol. 2;7.6
Marvel One-Shot: Agent Carter;7.6
Mutant X;7.6
Marvel Studios: Legends;7.6
Jessica Jones;7.6
Watchmen;7.6
Constantine: City of Demons;7.6
The Super Powers Team: Galactic Guardians;7.6
Shadows of the Bat: The Cinematic Saga of the Dark Knight - The Legend Reborn;7.6
Smallville;7.6
Batman Beyond;7.6
Batman Beyond;7.6
Batman Beyond;7.6
Batman Beyond;7.6
Batman: The Animated Series;7.6
The Batman;7.6
The New Batman Adventures;7.6
The New Batman Adventures;7.6
Justice League;7.6
Justice League Unlimited;7.6
Justice League Unlimited;7.6
Justice League Unlimited;7.6
Justice League;7.6
Justice League;7.6
Smallville;7.6
Smallville;7.6
Smallville;7.6
Superman: The Animated Series;7.6
Teen Titans;7.6
Teen Titans;7.6
The Zeta Project;7.6
The Zeta Project;7.6
The Zeta Project;7.6
The Batman;7.6
Smallville;7.6
Smallville;7.6
Krypto the Superdog;7.6
Human Target;7.6
Gotham Girls;7.6
Constantine;7.6
Supergirl;7.6
Supergirl;7.6
Supergirl;7.6
Supergirl;7.6
Supergirl;7.6
Supergirl;7.6
Supergirl;7.6
Supergirl;7.6
The Flash;7.6
The Falcon and the Winter Soldier;7.5
Spider-Man: Far from Home;7.5
Doctor Strange;7.5
X-Men: Evolution;7.5
X-Men: Evolution;7.5
Marvel Studios: Legends;7.5
Marvel Studios: Legends;7.5
Jessica Jones;7.5
WandaVision;7.5
Arrow;7.5
Smallville;7.5
Batman;7.5
Constantine;7.5
The World's Greatest SuperFriends;7.5
Making 'Superman': Filming the Legend;7.5
Shadows of the Bat: The Cinematic Saga of the Dark Knight - The Road to Gotham City;7.5
Batman Beyond;7.5
Batman Beyond;7.5
Batman: The Animated Series;7.5
Batman: The Animated Series;7.5
Batman: The Animated Series;7.5
Batman: The Animated Series;7.5
The Batman;7.5
The Batman;7.5
The Batman;7.5
The Batman;7.5
The Batman;7.5
The Batman;7.5
The New Batman Adventures;7.5
Justice League;7.5
Justice League;7.5
Justice League;7.5
Justice League Unlimited;7.5
Smallville;7.5
Smallville;7.5
Smallville;7.5
Superman: The Animated Series;7.5
The Zeta Project;7.5
The Zeta Project;7.5
Krypto the Superdog;7.5
Batman: Black and White;7.5
Gotham Girls;7.5
Supergirl;7.5
Supergirl;7.5
Supergirl;7.5
Supergirl;7.5
DC Super Hero Girls;7.5
The Flash;7.5
Supergirl;7.5
Supergirl;7.5
Spider-Man: Homecoming;7.4
Marvel Studios: Assembling a Universe;7.4
Avengers S.T.A.T.I.O.N.;7.4
Mutant X;7.4
Marvel Studios: Legends;7.4
Gotham Girls;7.4
SuperFriends: The Legendary Super Powers Show;7.4
Shadows of the Bat: The Cinematic Saga of the Dark Knight - The Gathering Storm;7.4
Batman: The Tumbler;7.4
Batman: Night's End;7.4
Batman Beyond;7.4
Batman Beyond;7.4
Batman Beyond;7.4
Batman Beyond;7.4
Batman: The Animated Series;7.4
The Batman;7.4
The New Batman Adventures;7.4
Justice League;7.4
Justice League;7.4
Justice League;7.4
Justice League;7.4
Justice League Unlimited;7.4
Justice League;7.4
Justice League;7.4
Justice League;7.4
Justice League Unlimited;7.4
Justice League;7.4
Smallville;7.4
Smallville;7.4
Smallville;7.4
Smallville;7.4
Teen Titans;7.4
The Zeta Project;7.4
The Zeta Project;7.4
The Zeta Project;7.4
The Zeta Project;7.4
The Batman;7.4
Gotham Girls;7.4
Gotham Girls;7.4
Baggage Battles;7.4
Supergirl;7.4
Supergirl;7.4
Supergirl;7.4
Supergirl;7.4
Supergirl;7.4
Supergirl;7.4
Supergirl;7.4
Supergirl;7.4
Supergirl;7.4
Supergirl;7.4
Supergirl;7.4
Black Panther;7.3
Avengers: Age of Ultron;7.3
Ant-Man;7.3
Lego Marvel Avengers: Climate Conundrum;7.3
Superman;7.3
The Batman;7.3
Wonder Woman;7.3
DC Showcase: Kamandi: The Last Boy on Earth!;7.3
Batman;7.3
Shadows of the Bat: The Cinematic Saga of the Dark Knight - Dark Side of the Knight;7.3
Taking Flight: The Development of 'Superman';7.3
The Mythology of Superman;7.3
The Worst Batman Fanfilm Ever... Period;7.3
Batman Villains: Bob the Goon;7.3
The Making of 'Superman: The Movie';7.3
"Beyond Batman: Bats;7.3
Gotham City Rises;7.3
The Death and Return of Superman;7.3
Batman Beyond;7.3
Batman: The Animated Series;7.3
The Batman;7.3
The Batman;7.3
The Batman;7.3
The Batman;7.3
Justice League;7.3
Justice League;7.3
Justice League;7.3
The Zeta Project;7.3
The Zeta Project;7.3
The Zeta Project;7.3
Krypto the Superdog;7.3
Krypto the Superdog;7.3
Krypto the Superdog;7.3
Krypto the Superdog;7.3
Batman: Black and White;7.3
Batman: Black and White;7.3
Gotham Girls;7.3
Gotham Girls;7.3
Gotham Girls;7.3
Supergirl;7.3
Supergirl;7.3
Supergirl;7.3
Supergirl;7.3
Supergirl;7.3
Supergirl;7.3
Supergirl;7.3
Marvel 75 Years: From Pulp to Pop!;7.2
I Am Legend;7.2
Justice League: War;7.2
Superman/Batman: Public Enemies;7.2
Batman & Mr. Freeze: SubZero;7.2
Under the Hood;7.2
The All-New Super Friends Hour;7.2
Teen Titans;7.2
Batman Begins: Path to Discovery;7.2
Frank Skinner on Muhammad Ali;7.2
Batman Beyond;7.2
Batman Beyond;7.2
Batman: The Animated Series;7.2
The Batman;7.2
The Batman;7.2
The Batman;7.2
The Batman;7.2
The Batman;7.2
The Zeta Project;7.2
The Zeta Project;7.2
The Batman;7.2
Gotham Girls;7.2
Gotham Girls;7.2
Batman: Black and White;7.2
Gotham Girls;7.2
Supergirl;7.2
Supergirl;7.2
Supergirl;7.2
Supergirl;7.2
Supergirl;7.2
Supergirl;7.2
Lobo;7.2
Supergirl;7.2
Supergirl;7.2
Supergirl;7.2
Supergirl;7.2
The Flash;7.2
Supergirl;7.2
Supergirl;7.2
Iron Man 3;7.1
Mutant X;7.1
Mutant X;7.1
Batman vs. Robin;7.1
Tales of the Black Freighter;7.1
Green Lantern: First Flight;7.1
Teen Titans: Trouble in Tokyo;7.1
The Zeta Project;7.1
Superman;7.1
Galaxian;7.1
Saving Gotham City;7.1
Genesis of the Bat;7.1
Wonder Woman: A Subversive Dream;7.1
Batman: The Animated Series;7.1
Batman: The Animated Series;7.1
The Batman;7.1
The Batman;7.1
The New Batman Adventures;7.1
Justice League Unlimited;7.1
Family Guy;7.1
Batman: Black and White;7.1
Batman: Black and White;7.1
Gotham Girls;7.1
Gotham Girls;7.1
Gotham Girls;7.1
Gotham Girls;7.1
Supergirl;7.1
Lobo;7.1
Supergirl;7.1
Thor;7
Iron Man 2;7
Ant-Man and the Wasp;7
Ralph Breaks the Internet;7
Hulk Vs.;7
Stuntwomen: The Untold Hollywood Story;7
Spider-Man: The Ultimate Villain Showdown;7
Man of Steel;7
Shazam!;7
Constantine;7
Batman Returns;7
Justice League vs. Teen Titans;7
Superman: Doomsday;7
The Science of Superman;7
First Flight: The Fleischer Superman Series;7
Shaping Mind and Body;7
The Complete Robin Storyboard Sequence;7
The Making of 'Superman II';7
Batman Heroes: Vicki Vale;7
Batman: The Animated Series;7
The Batman;7
The New Batman Adventures;7
The New Batman Adventures;7
Smallville;7
The Zeta Project;7
Batman: Black and White;7
Batman: Black and White;7
Batman: Black and White;7
Batman: Black and White;7
Heroes;7
Gotham Girls;7
Gotham Girls;7
Gotham Girls;7
Gotham Girls;7
Gotham Girls;7
Powerless;7
Supergirl;7
Supergirl;7
Black Lightning;7
Supergirl;7
